[
  {
    "Index": 1,
    "Year": 1928,
    "Age": 22,
    "Name": "Janet Gaynor",
    "Movie": "Seventh Heaven"
  },
  {
    "Index": 2,
    "Year": 1929,
    "Age": 37,
    "Name": "Mary Pickford",
    "Movie": "Coquette"
  },
  {
    "Index": 3,
    "Year": 1930,
    "Age": 28,
    "Name": "Norma Shearer",
    "Movie": "The Divorcee"
  },
  {
    "Index": 4,
    "Year": 1931,
    "Age": 63,
    "Name": "Marie Dressler",
    "Movie": "Min and Bill"
  },
  {
    "Index": 5,
    "Year": 1932,
    "Age": 32,
    "Name": "Helen Hayes",
    "Movie": "The Sin of Madelon Claudet"
  },
  {
    "Index": 6,
    "Year": 1933,
    "Age": 26,
    "Name": "Katharine Hepburn",
    "Movie": "Morning Glory"
  },
  {
    "Index": 7,
    "Year": 1934,
    "Age": 31,
    "Name": "Claudette Colbert",
    "Movie": "It Happened One Night"
  },
  {
    "Index": 8,
    "Year": 1935,
    "Age": 27,
    "Name": "Bette Davis",
    "Movie": "Dangerous"
  },
  {
    "Index": 9,
    "Year": 1936,
    "Age": 27,
    "Name": "Luise Rainer",
    "Movie": "The Great Ziegfeld"
  },
  {
    "Index": 10,
    "Year": 1937,
    "Age": 28,
    "Name": "Luise Rainer",
    "Movie": "The Good Earth"
  },
  {
    "Index": 11,
    "Year": 1938,
    "Age": 30,
    "Name": "Bette Davis",
    "Movie": "Jezebel"
  },
  {
    "Index": 12,
    "Year": 1939,
    "Age": 26,
    "Name": "Vivien Leigh",
    "Movie": "Gone with the Wind"
  },
  {
    "Index": 13,
    "Year": 1940,
    "Age": 29,
    "Name": "Ginger Rogers",
    "Movie": "Kitty Foyle"
  },
  {
    "Index": 14,
    "Year": 1941,
    "Age": 24,
    "Name": "Joan Fontaine",
    "Movie": "Suspicion"
  },
  {
    "Index": 15,
    "Year": 1942,
    "Age": 38,
    "Name": "Greer Garson",
    "Movie": "Mrs. Miniver"
  },
  {
    "Index": 16,
    "Year": 1943,
    "Age": 25,
    "Name": "Jennifer Jones",
    "Movie": "The Song of Bernadette"
  },
  {
    "Index": 17,
    "Year": 1944,
    "Age": 29,
    "Name": "Ingrid Bergman",
    "Movie": "Gaslight"
  },
  {
    "Index": 18,
    "Year": 1945,
    "Age": 40,
    "Name": "Joan Crawford",
    "Movie": "Mildred Pierce"
  },
  {
    "Index": 19,
    "Year": 1946,
    "Age": 30,
    "Name": "Olivia de Havilland",
    "Movie": "To Each His Own"
  },
  {
    "Index": 20,
    "Year": 1947,
    "Age": 35,
    "Name": "Loretta Young",
    "Movie": "The Farmer's Daughter"
  },
  {
    "Index": 21,
    "Year": 1948,
    "Age": 32,
    "Name": "Jane Wyman",
    "Movie": "Johnny Belinda"
  },
  {
    "Index": 22,
    "Year": 1949,
    "Age": 33,
    "Name": "Olivia de Havilland",
    "Movie": "The Heiress"
  },
  {
    "Index": 23,
    "Year": 1950,
    "Age": 29,
    "Name": "Judy Holliday",
    "Movie": "Born Yesterday"
  },
  {
    "Index": 24,
    "Year": 1951,
    "Age": 38,
    "Name": "Vivien Leigh",
    "Movie": "A Streetcar Named Desire"
  },
  {
    "Index": 25,
    "Year": 1952,
    "Age": 54,
    "Name": "Shirley Booth",
    "Movie": "Come Back"
  },
  {
    "Index": 26,
    "Year": 1953,
    "Age": 24,
    "Name": "Audrey Hepburn",
    "Movie": "Roman Holiday"
  },
  {
    "Index": 27,
    "Year": 1954,
    "Age": 25,
    "Name": "Grace Kelly",
    "Movie": "The Country Girl"
  },
  {
    "Index": 28,
    "Year": 1955,
    "Age": 48,
    "Name": "Anna Magnani",
    "Movie": "The Rose Tattoo"
  },
  {
    "Index": 29,
    "Year": 1956,
    "Age": 41,
    "Name": "Ingrid Bergman",
    "Movie": "Anastasia"
  },
  {
    "Index": 30,
    "Year": 1957,
    "Age": 28,
    "Name": "Joanne Woodward",
    "Movie": "The Three Faces of Eve"
  },
  {
    "Index": 31,
    "Year": 1958,
    "Age": 41,
    "Name": "Susan Hayward",
    "Movie": "I Want to Live!"
  },
  {
    "Index": 32,
    "Year": 1959,
    "Age": 39,
    "Name": "Simone Signoret",
    "Movie": "Room at the Top"
  },
  {
    "Index": 33,
    "Year": 1960,
    "Age": 29,
    "Name": "Elizabeth Taylor",
    "Movie": "BUtterfield 8"
  },
  {
    "Index": 34,
    "Year": 1961,
    "Age": 27,
    "Name": "Sophia Loren",
    "Movie": "Two Women"
  },
  {
    "Index": 35,
    "Year": 1962,
    "Age": 31,
    "Name": "Anne Bancroft",
    "Movie": "The Miracle Worker"
  },
  {
    "Index": 36,
    "Year": 1963,
    "Age": 31,
    "Name": "Patricia Neal",
    "Movie": "Hud"
  },
  {
    "Index": 37,
    "Year": 1964,
    "Age": 29,
    "Name": "Julie Andrews",
    "Movie": "Mary Poppins"
  },
  {
    "Index": 38,
    "Year": 1965,
    "Age": 25,
    "Name": "Julie Christie",
    "Movie": "Darling"
  },
  {
    "Index": 39,
    "Year": 1966,
    "Age": 35,
    "Name": "Elizabeth Taylor",
    "Movie": "Who's Afraid of Virginia Woolf?"
  },
  {
    "Index": 40,
    "Year": 1967,
    "Age": 60,
    "Name": "Katharine Hepburn",
    "Movie": "Guess Who's Coming to Dinner"
  },
  {
    "Index": 41,
    "Year": 1968,
    "Age": 61,
    "Name": "Katharine Hepburn",
    "Movie": "The Lion in Winter"
  },
  {
    "Index": 42,
    "Year": 1969,
    "Age": 26,
    "Name": "Barbra Streisand",
    "Movie": "Funny Girl"
  },
  {
    "Index": 43,
    "Year": 1970,
    "Age": 35,
    "Name": "Maggie Smith",
    "Movie": "The Prime of Miss Jean Brodie"
  },
  {
    "Index": 44,
    "Year": 1971,
    "Age": 34,
    "Name": "Glenda Jackson",
    "Movie": "Women in Love"
  },
  {
    "Index": 45,
    "Year": 1972,
    "Age": 34,
    "Name": "Jane Fonda",
    "Movie": "Klute"
  },
  {
    "Index": 46,
    "Year": 1973,
    "Age": 27,
    "Name": "Liza Minnelli",
    "Movie": "Cabaret"
  },
  {
    "Index": 47,
    "Year": 1974,
    "Age": 37,
    "Name": "Glenda Jackson",
    "Movie": "A Touch of Class"
  },
  {
    "Index": 48,
    "Year": 1975,
    "Age": 42,
    "Name": "Ellen Burstyn",
    "Movie": "Alice Doesn't Live Here Anymore"
  },
  {
    "Index": 49,
    "Year": 1976,
    "Age": 41,
    "Name": "Louise Fletcher",
    "Movie": "One Flew Over the Cuckoo's Nest"
  },
  {
    "Index": 50,
    "Year": 1977,
    "Age": 36,
    "Name": "Faye Dunaway",
    "Movie": "Network"
  },
  {
    "Index": 51,
    "Year": 1978,
    "Age": 32,
    "Name": "Diane Keaton",
    "Movie": "Annie Hall"
  },
  {
    "Index": 52,
    "Year": 1979,
    "Age": 41,
    "Name": "Jane Fonda",
    "Movie": "Coming Home"
  },
  {
    "Index": 53,
    "Year": 1980,
    "Age": 33,
    "Name": "Sally Field",
    "Movie": "Norma Rae"
  },
  {
    "Index": 54,
    "Year": 1981,
    "Age": 31,
    "Name": "Sissy Spacek",
    "Movie": "Coal Miner's Daughter"
  },
  {
    "Index": 55,
    "Year": 1982,
    "Age": 74,
    "Name": "Katharine Hepburn",
    "Movie": "On Golden Pond"
  },
  {
    "Index": 56,
    "Year": 1983,
    "Age": 33,
    "Name": "Meryl Streep",
    "Movie": "Sophie's Choice"
  },
  {
    "Index": 57,
    "Year": 1984,
    "Age": 49,
    "Name": "Shirley MacLaine",
    "Movie": "Terms of Endearment"
  },
  {
    "Index": 58,
    "Year": 1985,
    "Age": 38,
    "Name": "Sally Field",
    "Movie": "Places in the Heart"
  },
  {
    "Index": 59,
    "Year": 1986,
    "Age": 61,
    "Name": "Geraldine Page",
    "Movie": "The Trip to Bountiful"
  },
  {
    "Index": 60,
    "Year": 1987,
    "Age": 21,
    "Name": "Marlee Matlin",
    "Movie": "Children of a Lesser God"
  },
  {
    "Index": 61,
    "Year": 1988,
    "Age": 41,
    "Name": "Cher",
    "Movie": "Moonstruck"
  },
  {
    "Index": 62,
    "Year": 1989,
    "Age": 26,
    "Name": "Jodie Foster",
    "Movie": "The Accused"
  },
  {
    "Index": 63,
    "Year": 1990,
    "Age": 80,
    "Name": "Jessica Tandy",
    "Movie": "Driving Miss Daisy"
  },
  {
    "Index": 64,
    "Year": 1991,
    "Age": 42,
    "Name": "Kathy Bates",
    "Movie": "Misery"
  },
  {
    "Index": 65,
    "Year": 1992,
    "Age": 29,
    "Name": "Jodie Foster",
    "Movie": "The Silence of the Lambs"
  },
  {
    "Index": 66,
    "Year": 1993,
    "Age": 33,
    "Name": "Emma Thompson",
    "Movie": "Howards End"
  },
  {
    "Index": 67,
    "Year": 1994,
    "Age": 36,
    "Name": "Holly Hunter",
    "Movie": "The Piano"
  },
  {
    "Index": 68,
    "Year": 1995,
    "Age": 45,
    "Name": "Jessica Lange",
    "Movie": "Blue Sky"
  },
  {
    "Index": 69,
    "Year": 1996,
    "Age": 49,
    "Name": "Susan Sarandon",
    "Movie": "Dead Man Walking"
  },
  {
    "Index": 70,
    "Year": 1997,
    "Age": 39,
    "Name": "Frances McDormand",
    "Movie": "Fargo"
  },
  {
    "Index": 71,
    "Year": 1998,
    "Age": 34,
    "Name": "Helen Hunt",
    "Movie": "As Good as It Gets"
  },
  {
    "Index": 72,
    "Year": 1999,
    "Age": 26,
    "Name": "Gwyneth Paltrow",
    "Movie": "Shakespeare in Love"
  },
  {
    "Index": 73,
    "Year": 2000,
    "Age": 25,
    "Name": "Hilary Swank",
    "Movie": "Boys Don't Cry"
  },
  {
    "Index": 74,
    "Year": 2001,
    "Age": 33,
    "Name": "Julia Roberts",
    "Movie": "Erin Brockovich"
  },
  {
    "Index": 75,
    "Year": 2002,
    "Age": 35,
    "Name": "Halle Berry",
    "Movie": "Monster's Ball"
  },
  {
    "Index": 76,
    "Year": 2003,
    "Age": 35,
    "Name": "Nicole Kidman",
    "Movie": "The Hours"
  },
  {
    "Index": 77,
    "Year": 2004,
    "Age": 28,
    "Name": "Charlize Theron",
    "Movie": "Monster"
  },
  {
    "Index": 78,
    "Year": 2005,
    "Age": 30,
    "Name": "Hilary Swank",
    "Movie": "Million Dollar Baby"
  },
  {
    "Index": 79,
    "Year": 2006,
    "Age": 29,
    "Name": "Reese Witherspoon",
    "Movie": "Walk the Line"
  },
  {
    "Index": 80,
    "Year": 2007,
    "Age": 61,
    "Name": "Helen Mirren",
    "Movie": "The Queen"
  },
  {
    "Index": 81,
    "Year": 2008,
    "Age": 32,
    "Name": "Marion Cotillard",
    "Movie": "La Vie en rose"
  },
  {
    "Index": 82,
    "Year": 2009,
    "Age": 33,
    "Name": "Kate Winslet",
    "Movie": "The Reader"
  },
  {
    "Index": 83,
    "Year": 2010,
    "Age": 45,
    "Name": "Sandra Bullock",
    "Movie": "The Blind Side"
  },
  {
    "Index": 84,
    "Year": 2011,
    "Age": 29,
    "Name": "Natalie Portman",
    "Movie": "Black Swan"
  },
  {
    "Index": 85,
    "Year": 2012,
    "Age": 62,
    "Name": "Meryl Streep",
    "Movie": "The Iron Lady"
  },
  {
    "Index": 86,
    "Year": 2013,
    "Age": 22,
    "Name": "Jennifer Lawrence",
    "Movie": "Silver Linings Playbook"
  },
  {
    "Index": 87,
    "Year": 2014,
    "Age": 44,
    "Name": "Cate Blanchett",
    "Movie": "Blue Jasmine"
  },
  {
    "Index": 88,
    "Year": 2015,
    "Age": 54,
    "Name": "Julianne Moore",
    "Movie": "Still Alice"
  },
  {
    "Index": 89,
    "Year": 2016,
    "Age": 26,
    "Name": "Brie Larson",
    "Movie": "Room"
  }
]